edu, writes, article, power, kind
even, don, good, make, point
system, part, nasa, spacecraft, gov
space, science, internet, information, place
oil, change, service, lights, bmw
car, turbo, speed, probe, mph
shuttle, station, launch, option, redesign
engine, toyota, buy, seat, feel
henry, edu, toronto, spencer, writes
sky, george, earth, etc, temperature
writes, article, edu, apr, don
cars, diesels, nothing, matter, emissions
hst, mission, pat, access, mass
edu, insurance, geico, mustang, ford
bill, moon, light, low, sky
space, nasa, long, program, such
car, book, cost, want, auto
time, used, high, large, problems
edu, gif, uci, ics, incoming
car, clutch, ford, shifter, manual
